ts,equity
2023-01-03 00:00:00+00:00,99002.73
2023-01-04 00:00:00+00:00,99749.79
2023-01-05 00:00:00+00:00,98506.19
2023-01-06 00:00:00+00:00,101354.87
2023-01-09 00:00:00+00:00,101690.57
2023-01-10 00:00:00+00:00,102360.41
2023-01-11 00:00:00+00:00,104093.65
2023-01-12 00:00:00+00:00,104382.53
2023-01-13 00:00:00+00:00,105106.75
2023-01-17 00:00:00+00:00,105423.81
2023-01-18 00:00:00+00:00,104238.63
2023-01-19 00:00:00+00:00,103670.73
2023-01-20 00:00:00+00:00,105908.29
2023-01-23 00:00:00+00:00,107944.39
2023-01-24 00:00:00+00:00,108206.29
2023-01-25 00:00:00+00:00,107964.29
2023-01-26 00:00:00+00:00,109588.53
2023-01-27 00:00:00+00:00,110546.73
2023-01-30 00:00:00+00:00,108598.57
2023-01-31 00:00:00+00:00,109982.49
2023-02-01 00:00:00+00:00,111433.89
2023-02-02 00:00:00+00:00,114699.55
2023-02-03 00:00:00+00:00,114595.77
2023-02-06 00:00:00+00:00,113332.15
2023-02-07 00:00:00+00:00,115338.11
2023-02-08 00:00:00+00:00,113549.17
2023-02-09 00:00:00+00:00,112634.35
2023-02-10 00:00:00+00:00,112507.21
2023-02-13 00:00:00+00:00,114258.43
2023-02-14 00:00:00+00:00,114350.79
2023-02-15 00:00:00+00:00,115315.49
2023-02-16 00:00:00+00:00,113681.65
2023-02-17 00:00:00+00:00,113024.65
2023-02-21 00:00:00+00:00,110371.57
2023-02-22 00:00:00+00:00,110464.21
2023-02-23 00:00:00+00:00,111093.59
2023-02-24 00:00:00+00:00,109404.45
2023-02-27 00:00:00+00:00,110096.73
2023-02-28 00:00:00+00:00,109789.57
2023-03-01 00:00:00+00:00,108816.01
2023-03-02 00:00:00+00:00,109536.07
2023-03-03 00:00:00+00:00,112178.87
2023-03-06 00:00:00+00:00,112978.71
2023-03-07 00:00:00+00:00,111404.93
2023-03-08 00:00:00+00:00,111977.09
2023-03-09 00:00:00+00:00,110106.93
2023-03-10 00:00:00+00:00,108563.81
2023-03-13 00:00:00+00:00,109298.01
2023-03-14 00:00:00+00:00,111229.59
2023-03-15 00:00:00+00:00,111317.13
2023-03-16 00:00:00+00:00,113630.95
2023-03-17 00:00:00+00:00,112702.13
2023-03-20 00:00:00+00:00,113729.07
2023-03-21 00:00:00+00:00,115208.13
2023-03-22 00:00:00+00:00,113720.15
2023-03-23 00:00:00+00:00,114549.63
2023-03-24 00:00:00+00:00,115258.71
2023-03-27 00:00:00+00:00,114542.09
2023-03-28 00:00:00+00:00,114097.13
2023-03-29 00:00:00+00:00,116103.47
2023-03-30 00:00:00+00:00,117089.19
2023-03-31 00:00:00+00:00,118895.01
2023-04-03 00:00:00+00:00,119265.19
2023-04-04 00:00:00+00:00,118793.71
2023-04-05 00:00:00+00:00,117821.15
2023-04-06 00:00:00+00:00,118457.81
2023-04-10 00:00:00+00:00,117782.55
2023-04-11 00:00:00+00:00,117216.79
2023-04-12 00:00:00+00:00,116543.81
2023-04-13 00:00:00+00:00,119200.57
2023-04-14 00:00:00+00:00,118947.61
2023-04-17 00:00:00+00:00,119113.61
2023-04-18 00:00:00+00:00,119464.19
2023-04-19 00:00:00+00:00,119743.49
2023-04-20 00:00:00+00:00,118991.05
2023-04-21 00:00:00+00:00,118632.43
2023-04-24 00:00:00+00:00,118668.79
2023-04-25 00:00:00+00:00,116957.73
2023-04-26 00:00:00+00:00,117040.31
2023-04-27 00:00:00+00:00,120002.43
2023-04-28 00:00:00+00:00,120911.93
2023-05-01 00:00:00+00:00,120806.35
2023-05-02 00:00:00+00:00,119781.19
2023-05-03 00:00:00+00:00,118993.93
2023-05-04 00:00:00+00:00,118171.59
2023-05-05 00:00:00+00:00,121688.23
2023-05-08 00:00:00+00:00,121778.55
2023-05-09 00:00:00+00:00,120915.43
2023-05-10 00:00:00+00:00,121982.22
2023-05-11 00:00:00+00:00,122102.83
2023-05-12 00:00:00+00:00,121602.15
2023-05-15 00:00:00+00:00,121811.51
2023-05-16 00:00:00+00:00,121620.03
2023-05-17 00:00:00+00:00,122701.79
2023-05-18 00:00:00+00:00,124426.71
2023-05-19 00:00:00+00:00,124308.83
2023-05-22 00:00:00+00:00,124212.05
2023-05-23 00:00:00+00:00,122585.45
2023-05-24 00:00:00+00:00,122188.77
2023-05-25 00:00:00+00:00,123796.91
2023-05-26 00:00:00+00:00,125974.33
2023-05-30 00:00:00+00:00,126673.95
2023-05-31 00:00:00+00:00,126213.71
2023-06-01 00:00:00+00:00,127797.69
2023-06-02 00:00:00+00:00,128874.97
2023-06-05 00:00:00+00:00,128476.51
2023-06-06 00:00:00+00:00,128452.11
2023-06-07 00:00:00+00:00,127214.17
2023-06-08 00:00:00+00:00,128693.47
2023-06-09 00:00:00+00:00,129029.27
2023-06-12 00:00:00+00:00,130848.89
2023-06-13 00:00:00+00:00,131312.57
2023-06-14 00:00:00+00:00,131852.33
2023-06-15 00:00:00+00:00,133398.81
2023-06-16 00:00:00+00:00,132554.27
2023-06-20 00:00:00+00:00,132254.05
2023-06-21 00:00:00+00:00,131166.31
2023-06-22 00:00:00+00:00,132627.29
2023-06-23 00:00:00+00:00,131809.53
2023-06-26 00:00:00+00:00,130685.25
2023-06-27 00:00:00+00:00,132585.61
2023-06-28 00:00:00+00:00,133004.35
2023-06-29 00:00:00+00:00,133150.83
2023-06-30 00:00:00+00:00,135438.65
2023-07-03 00:00:00+00:00,135194.77
2023-07-05 00:00:00+00:00,134840.71
2023-07-06 00:00:00+00:00,134318.37
2023-07-07 00:00:00+00:00,133775.57
2023-07-10 00:00:00+00:00,133343.57
2023-07-11 00:00:00+00:00,133669.95
2023-07-12 00:00:00+00:00,134995.49
2023-07-13 00:00:00+00:00,136286.59
2023-07-14 00:00:00+00:00,136291.89
2023-07-17 00:00:00+00:00,137729.61
2023-07-18 00:00:00+00:00,138337.71
2023-07-19 00:00:00+00:00,138772.35
2023-07-20 00:00:00+00:00,136894.13
2023-07-21 00:00:00+00:00,136442.23
2023-07-24 00:00:00+00:00,136902.57
2023-07-25 00:00:00+00:00,137553.35
2023-07-26 00:00:00+00:00,137633.69
2023-07-27 00:00:00+00:00,136927.01
2023-07-28 00:00:00+00:00,138842.45
2023-07-31 00:00:00+00:00,139104.51
2023-08-01 00:00:00+00:00,138660.1
2023-08-02 00:00:00+00:00,136279.85
2023-08-03 00:00:00+00:00,135725.09
2023-08-04 00:00:00+00:00,132928.35
2023-08-07 00:00:00+00:00,132831.67
2023-08-08 00:00:00+00:00,132516.45
2023-08-09 00:00:00+00:00,131329.47
2023-08-10 00:00:00+00:00,131369.91
2023-08-11 00:00:00+00:00,131008.99
2023-08-14 00:00:00+00:00,132167.73
2023-08-15 00:00:00+00:00,130704.87
2023-08-16 00:00:00+00:00,129713.69
2023-08-17 00:00:00+00:00,128261.21
2023-08-18 00:00:00+00:00,128351.85
2023-08-21 00:00:00+00:00,129665.27
2023-08-22 00:00:00+00:00,129862.63
2023-08-23 00:00:00+00:00,132012.01
2023-08-24 00:00:00+00:00,129263.73
2023-08-25 00:00:00+00:00,130460.07
2023-08-28 00:00:00+00:00,131453.73
2023-08-29 00:00:00+00:00,134027.03
2023-08-30 00:00:00+00:00,135370.15
2023-08-31 00:00:00+00:00,135511.15
2023-09-01 00:00:00+00:00,135950.37
2023-09-05 00:00:00+00:00,135905.07
2023-09-06 00:00:00+00:00,133453.45
2023-09-07 00:00:00+00:00,131601.61
2023-09-08 00:00:00+00:00,131886.15
2023-09-11 00:00:00+00:00,132991.65
2023-09-12 00:00:00+00:00,131460.05
2023-09-13 00:00:00+00:00,131133.27
2023-09-14 00:00:00+00:00,132244.67
2023-09-15 00:00:00+00:00,130651.23
2023-09-18 00:00:00+00:00,131430.51
2023-09-19 00:00:00+00:00,131541.63
2023-09-20 00:00:00+00:00,129592.73
2023-09-21 00:00:00+00:00,127732.19
2023-09-22 00:00:00+00:00,127880.29
2023-09-25 00:00:00+00:00,128584.73
2023-09-26 00:00:00+00:00,126289.59
2023-09-27 00:00:00+00:00,126006.27
2023-09-28 00:00:00+00:00,126655.09
2023-09-29 00:00:00+00:00,126734.13
2023-10-02 00:00:00+00:00,127755.75
2023-10-03 00:00:00+00:00,126123.97
2023-10-04 00:00:00+00:00,127317.03
2023-10-05 00:00:00+00:00,127499.33
2023-10-06 00:00:00+00:00,129353.97
2023-10-09 00:00:00+00:00,130214.11
2023-10-10 00:00:00+00:00,130502.13
2023-10-11 00:00:00+00:00,131350.75
2023-10-12 00:00:00+00:00,131200.45
2023-10-13 00:00:00+00:00,129950.77
2023-10-16 00:00:00+00:00,130819.27
2023-10-17 00:00:00+00:00,130256.17
2023-10-18 00:00:00+00:00,128814.37
2023-10-19 00:00:00+00:00,127968.13
2023-10-20 00:00:00+00:00,126175.65
2023-10-23 00:00:00+00:00,126276.99
2023-10-24 00:00:00+00:00,127093.93
2023-10-25 00:00:00+00:00,124868.01
2023-10-26 00:00:00+00:00,122506.67
2023-10-27 00:00:00+00:00,122898.91
2023-10-30 00:00:00+00:00,124345.87
2023-10-31 00:00:00+00:00,124903.17
2023-11-01 00:00:00+00:00,126880.29
2023-11-02 00:00:00+00:00,129323.61
2023-11-03 00:00:00+00:00,129950.03
2023-11-06 00:00:00+00:00,130897.99
2023-11-07 00:00:00+00:00,132115.97
2023-11-08 00:00:00+00:00,132453.59
2023-11-09 00:00:00+00:00,131678.69
2023-11-10 00:00:00+00:00,134337.97
2023-11-13 00:00:00+00:00,133736.33
2023-11-14 00:00:00+00:00,136169.33
2023-11-15 00:00:00+00:00,136436.33
2023-11-16 00:00:00+00:00,136969.95
2023-11-17 00:00:00+00:00,137024.03
2023-11-20 00:00:00+00:00,138366.37
2023-11-21 00:00:00+00:00,137787.53
2023-11-22 00:00:00+00:00,138310.73
2023-11-24 00:00:00+00:00,137915.53
2023-11-27 00:00:00+00:00,137755.69
2023-11-28 00:00:00+00:00,138080.69
2023-11-29 00:00:00+00:00,137736.19
2023-11-30 00:00:00+00:00,137920.57
2023-12-01 00:00:00+00:00,138628.39
2023-12-04 00:00:00+00:00,137498.03
2023-12-05 00:00:00+00:00,138655.95
2023-12-06 00:00:00+00:00,137931.75
2023-12-07 00:00:00+00:00,139408.19
2023-12-08 00:00:00+00:00,140170.65
2023-12-11 00:00:00+00:00,140077.13
2023-12-12 00:00:00+00:00,141050.05
2023-12-13 00:00:00+00:00,143080.63
2023-12-14 00:00:00+00:00,143206.39
2023-12-15 00:00:00+00:00,143076.23
2023-12-18 00:00:00+00:00,143078.87
2023-12-19 00:00:00+00:00,143858.71
2023-12-20 00:00:00+00:00,141986.09
2023-12-21 00:00:00+00:00,142910.19
2023-12-22 00:00:00+00:00,142784.57
2023-12-26 00:00:00+00:00,143122.47
2023-12-27 00:00:00+00:00,143299.51
2023-12-28 00:00:00+00:00,143402.85
2023-12-29 00:00:00+00:00,142788.35
2024-01-02 00:00:00+00:00,139895.09
2024-01-03 00:00:00+00:00,138670.71
2024-01-04 00:00:00+00:00,137673.57
2024-01-05 00:00:00+00:00,137595.63
2024-01-08 00:00:00+00:00,140334.47
2024-01-09 00:00:00+00:00,140261.71
2024-01-10 00:00:00+00:00,141108.29
2024-01-11 00:00:00+00:00,141038.43
2024-01-12 00:00:00+00:00,141179.31
2024-01-16 00:00:00+00:00,140423.87
2024-01-17 00:00:00+00:00,139661.49
2024-01-18 00:00:00+00:00,142298.31
2024-01-19 00:00:00+00:00,144592.37
2024-01-22 00:00:00+00:00,145358.75
2024-01-23 00:00:00+00:00,146034.99
2024-01-24 00:00:00+00:00,146193.81
2024-01-25 00:00:00+00:00,146398.87
2024-01-26 00:00:00+00:00,145572.09
2024-01-29 00:00:00+00:00,146261.43
2024-01-30 00:00:00+00:00,144908.57
2024-01-31 00:00:00+00:00,142233.11
2024-02-01 00:00:00+00:00,144029.99
2024-02-02 00:00:00+00:00,145092.39
2024-02-05 00:00:00+00:00,145347.61
2024-02-06 00:00:00+00:00,145788.39
2024-02-07 00:00:00+00:00,146717.13
2024-02-08 00:00:00+00:00,146549.67
2024-02-09 00:00:00+00:00,147464.45
2024-02-12 00:00:00+00:00,146788.09
2024-02-13 00:00:00+00:00,144799.91
2024-02-14 00:00:00+00:00,145531.95
2024-02-15 00:00:00+00:00,145911.77
2024-02-16 00:00:00+00:00,144802.11
2024-02-20 00:00:00+00:00,143966.11
2024-02-21 00:00:00+00:00,143991.89
2024-02-22 00:00:00+00:00,146958.97
2024-02-23 00:00:00+00:00,146344.41
2024-02-26 00:00:00+00:00,145799.61
2024-02-27 00:00:00+00:00,146395.79
2024-02-28 00:00:00+00:00,145732.23
2024-02-29 00:00:00+00:00,146175.73
2024-03-01 00:00:00+00:00,147120.01
2024-03-04 00:00:00+00:00,145680.83
2024-03-05 00:00:00+00:00,142947.47
2024-03-06 00:00:00+00:00,143246.25
2024-03-07 00:00:00+00:00,144475.81
2024-03-08 00:00:00+00:00,143866.01
2024-03-11 00:00:00+00:00,144155.29
2024-03-12 00:00:00+00:00,145531.53
2024-03-13 00:00:00+00:00,144488.83
2024-03-14 00:00:00+00:00,144753.41
2024-03-15 00:00:00+00:00,143566.25
2024-03-18 00:00:00+00:00,144556.47
2024-03-19 00:00:00+00:00,145555.05
2024-03-20 00:00:00+00:00,147288.65
2024-03-21 00:00:00+00:00,145784.37
2024-03-22 00:00:00+00:00,146000.89
2024-03-25 00:00:00+00:00,145301.51
2024-03-26 00:00:00+00:00,144741.71
2024-03-27 00:00:00+00:00,146247.11
2024-03-28 00:00:00+00:00,145657.37
2024-04-01 00:00:00+00:00,145315.77
2024-04-02 00:00:00+00:00,144242.31
2024-04-03 00:00:00+00:00,144626.31
2024-04-04 00:00:00+00:00,143025.37
2024-04-05 00:00:00+00:00,144321.57
2024-04-08 00:00:00+00:00,144066.57
2024-04-09 00:00:00+00:00,144639.93
2024-04-10 00:00:00+00:00,143218.91
2024-04-11 00:00:00+00:00,146322.71
2024-04-12 00:00:00+00:00,145223.03
2024-04-15 00:00:00+00:00,142767.27
2024-04-16 00:00:00+00:00,141825.89
2024-04-17 00:00:00+00:00,140555.81
2024-04-18 00:00:00+00:00,139914.39
2024-04-19 00:00:00+00:00,137918.71
2024-04-22 00:00:00+00:00,139048.03
2024-04-23 00:00:00+00:00,140610.73
2024-04-24 00:00:00+00:00,141324.09
2024-04-25 00:00:00+00:00,141131.47
2024-04-26 00:00:00+00:00,142199.31
2024-04-29 00:00:00+00:00,143671.51
2024-04-30 00:00:00+00:00,141134.25
2024-05-01 00:00:00+00:00,140343.53
2024-05-02 00:00:00+00:00,142390.39
2024-05-03 00:00:00+00:00,146704.37
2024-05-06 00:00:00+00:00,147312.39
2024-05-07 00:00:00+00:00,147550.87
2024-05-08 00:00:00+00:00,147612.01
2024-05-09 00:00:00+00:00,148466.79
2024-05-10 00:00:00+00:00,148255.13
2024-05-13 00:00:00+00:00,149233.89
2024-05-14 00:00:00+00:00,150094.13
2024-05-15 00:00:00+00:00,152115.67
2024-05-16 00:00:00+00:00,151939.29
2024-05-17 00:00:00+00:00,151985.23
2024-05-20 00:00:00+00:00,152734.83
2024-05-21 00:00:00+00:00,153300.21
2024-05-22 00:00:00+00:00,152777.57
2024-05-23 00:00:00+00:00,151137.31
2024-05-24 00:00:00+00:00,152780.75
2024-05-28 00:00:00+00:00,153029.71
2024-05-29 00:00:00+00:00,152387.49
2024-05-30 00:00:00+00:00,151742.99
2024-05-31 00:00:00+00:00,152299.71
2024-06-03 00:00:00+00:00,153103.13
2024-06-04 00:00:00+00:00,153391.47
2024-06-05 00:00:00+00:00,155465.63
2024-06-06 00:00:00+00:00,155080.75
2024-06-07 00:00:00+00:00,155605.43
2024-06-10 00:00:00+00:00,154991.47
2024-06-11 00:00:00+00:00,159173.83
2024-06-12 00:00:00+00:00,161864.25
2024-06-13 00:00:00+00:00,162583.21
2024-06-14 00:00:00+00:00,162459.37
2024-06-17 00:00:00+00:00,164653.93
2024-06-18 00:00:00+00:00,164168.51
2024-06-20 00:00:00+00:00,162368.79
2024-06-21 00:00:00+00:00,161420.91
2024-06-24 00:00:00+00:00,160667.71
2024-06-25 00:00:00+00:00,161763.19
2024-06-26 00:00:00+00:00,163039.59
2024-06-27 00:00:00+00:00,163490.01
2024-06-28 00:00:00+00:00,162083.35
2024-07-01 00:00:00+00:00,164134.17
2024-07-02 00:00:00+00:00,165999.47
2024-07-03 00:00:00+00:00,167048.97
2024-07-05 00:00:00+00:00,169212.31
2024-07-08 00:00:00+00:00,169801.43
2024-07-09 00:00:00+00:00,170126.51
2024-07-10 00:00:00+00:00,172369.67
2024-07-11 00:00:00+00:00,169168.29
2024-07-12 00:00:00+00:00,170606.65
2024-07-15 00:00:00+00:00,171915.33
2024-07-16 00:00:00+00:00,172335.31
2024-07-17 00:00:00+00:00,168291.23
2024-07-18 00:00:00+00:00,166409.03
2024-07-19 00:00:00+00:00,165600.47
2024-07-22 00:00:00+00:00,166873.45
2024-07-23 00:00:00+00:00,166862.93
2024-07-24 00:00:00+00:00,161950.73
2024-07-25 00:00:00+00:00,160799.47
2024-07-26 00:00:00+00:00,162023.99
2024-07-29 00:00:00+00:00,162240.19
2024-07-30 00:00:00+00:00,161359.67
2024-07-31 00:00:00+00:00,164655.65
2024-08-01 00:00:00+00:00,161595.37
2024-08-02 00:00:00+00:00,159766.07
2024-08-05 00:00:00+00:00,153997.65
2024-08-06 00:00:00+00:00,154389.23
2024-08-07 00:00:00+00:00,154177.43
2024-08-08 00:00:00+00:00,157772.15
2024-08-09 00:00:00+00:00,159031.21
2024-08-12 00:00:00+00:00,159513.55
2024-08-13 00:00:00+00:00,162636.45
2024-08-14 00:00:00+00:00,162920.01
2024-08-15 00:00:00+00:00,165957.09
2024-08-16 00:00:00+00:00,166487.83
2024-08-19 00:00:00+00:00,167675.47
2024-08-20 00:00:00+00:00,167634.41
2024-08-21 00:00:00+00:00,168048.47
2024-08-22 00:00:00+00:00,166231.53
2024-08-23 00:00:00+00:00,167983.61
2024-08-26 00:00:00+00:00,167379.61
2024-08-27 00:00:00+00:00,167844.61
2024-08-28 00:00:00+00:00,166489.93
2024-08-29 00:00:00+00:00,167273.27
2024-08-30 00:00:00+00:00,168220.31
2024-09-03 00:00:00+00:00,163797.41
2024-09-04 00:00:00+00:00,163048.39
2024-09-05 00:00:00+00:00,163387.33
2024-09-06 00:00:00+00:00,160651.71
2024-09-09 00:00:00+00:00,161911.07
2024-09-10 00:00:00+00:00,162426.95
2024-09-11 00:00:00+00:00,164814.27
2024-09-12 00:00:00+00:00,165815.11
2024-09-13 00:00:00+00:00,166258.37
2024-09-16 00:00:00+00:00,164450.19
2024-09-17 00:00:00+00:00,164624.11
2024-09-18 00:00:00+00:00,165248.09
2024-09-19 00:00:00+00:00,169693.21
2024-09-20 00:00:00+00:00,169168.81
2024-09-23 00:00:00+00:00,168912.07
2024-09-24 00:00:00+00:00,169576.97
2024-09-25 00:00:00+00:00,169262.41
2024-09-26 00:00:00+00:00,170210.67
2024-09-27 00:00:00+00:00,169872.75
2024-09-30 00:00:00+00:00,171598.39
2024-10-01 00:00:00+00:00,168534.17
2024-10-02 00:00:00+00:00,168788.47
2024-10-03 00:00:00+00:00,168363.57
2024-10-04 00:00:00+00:00,169813.91
2024-10-07 00:00:00+00:00,167382.33
2024-10-08 00:00:00+00:00,169805.91
2024-10-09 00:00:00+00:00,171612.47
2024-10-10 00:00:00+00:00,171325.17
2024-10-11 00:00:00+00:00,171326.97
2024-10-14 00:00:00+00:00,173230.47
2024-10-15 00:00:00+00:00,172683.53
2024-10-16 00:00:00+00:00,172365.35
2024-10-17 00:00:00+00:00,172508.75
2024-10-18 00:00:00+00:00,173847.37
2024-10-21 00:00:00+00:00,174270.37
2024-10-22 00:00:00+00:00,174148.23
2024-10-23 00:00:00+00:00,171411.25
2024-10-24 00:00:00+00:00,171960.01
2024-10-25 00:00:00+00:00,172534.89
2024-10-28 00:00:00+00:00,173220.13
2024-10-29 00:00:00+00:00,173961.95
2024-10-30 00:00:00+00:00,172406.53
2024-10-31 00:00:00+00:00,168777.21
2024-11-01 00:00:00+00:00,168641.53
2024-11-04 00:00:00+00:00,168123.87
2024-11-05 00:00:00+00:00,169862.49
2024-11-06 00:00:00+00:00,172562.35
2024-11-07 00:00:00+00:00,175189.53
2024-11-08 00:00:00+00:00,175349.57
2024-11-11 00:00:00+00:00,174646.13
2024-11-12 00:00:00+00:00,174370.85
2024-11-13 00:00:00+00:00,174547.13
2024-11-14 00:00:00+00:00,174587.65
2024-11-15 00:00:00+00:00,171587.53
2024-11-18 00:00:00+00:00,173012.97
2024-11-19 00:00:00+00:00,173692.55
2024-11-20 00:00:00+00:00,173862.43
2024-11-21 00:00:00+00:00,174233.73
2024-11-22 00:00:00+00:00,174846.11
2024-11-25 00:00:00+00:00,175905.03
2024-11-26 00:00:00+00:00,177084.41
2024-11-27 00:00:00+00:00,176396.59
2024-11-29 00:00:00+00:00,177895.87
2024-12-02 00:00:00+00:00,179269.07
2024-12-03 00:00:00+00:00,180290.79
2024-12-04 00:00:00+00:00,181499.97
2024-12-05 00:00:00+00:00,181242.03
2024-12-06 00:00:00+00:00,181867.61
2024-12-09 00:00:00+00:00,182114.45
2024-12-10 00:00:00+00:00,181999.29
2024-12-11 00:00:00+00:00,183220.37
2024-12-12 00:00:00+00:00,182912.25
2024-12-13 00:00:00+00:00,183446.19
2024-12-16 00:00:00+00:00,185377.85
2024-12-17 00:00:00+00:00,185508.25
2024-12-18 00:00:00+00:00,180139.81
2024-12-19 00:00:00+00:00,180295.01
2024-12-20 00:00:00+00:00,182517.47
2024-12-23 00:00:00+00:00,183548.31
2024-12-24 00:00:00+00:00,185763.59
2024-12-26 00:00:00+00:00,185937.23
2024-12-27 00:00:00+00:00,183621.23
2024-12-30 00:00:00+00:00,181287.31
2024-12-31 00:00:00+00:00,180093.79
2025-01-02 00:00:00+00:00,178124.61
2025-01-03 00:00:00+00:00,179660.29
2025-01-06 00:00:00+00:00,181122.27
2025-01-07 00:00:00+00:00,178651.87
2025-01-08 00:00:00+00:00,178865.37
2025-01-10 00:00:00+00:00,175556.75
2025-01-13 00:00:00+00:00,174790.13
2025-01-14 00:00:00+00:00,174505.97
2025-01-15 00:00:00+00:00,178060.17
2025-01-16 00:00:00+00:00,174995.43
2025-01-17 00:00:00+00:00,177030.75
2025-01-21 00:00:00+00:00,175957.53
2025-01-22 00:00:00+00:00,177392.89
2025-01-23 00:00:00+00:00,177773.13
2025-01-24 00:00:00+00:00,177016.25
2025-01-27 00:00:00+00:00,176219.53
2025-01-28 00:00:00+00:00,179805.63
2025-01-29 00:00:00+00:00,179739.25
2025-01-30 00:00:00+00:00,179828.57
2025-01-31 00:00:00+00:00,179040.83
2025-02-03 00:00:00+00:00,176080.83
2025-02-04 00:00:00+00:00,178469.31
2025-02-05 00:00:00+00:00,178887.81
2025-02-06 00:00:00+00:00,179605.91
2025-02-07 00:00:00+00:00,176835.71
2025-02-10 00:00:00+00:00,177976.75
2025-02-11 00:00:00+00:00,179162.21
2025-02-12 00:00:00+00:00,180146.45
2025-02-13 00:00:00+00:00,182857.59
2025-02-14 00:00:00+00:00,183938.35
2025-02-18 00:00:00+00:00,184209.51
2025-02-19 00:00:00+00:00,184456.75
2025-02-20 00:00:00+00:00,184205.01
2025-02-21 00:00:00+00:00,181851.21
2025-02-24 00:00:00+00:00,181252.49
2025-02-25 00:00:00+00:00,180169.15
2025-02-26 00:00:00+00:00,178598.55
2025-02-27 00:00:00+00:00,175208.73
2025-02-28 00:00:00+00:00,178162.99
2025-03-03 00:00:00+00:00,174890.63
2025-03-04 00:00:00+00:00,173560.17
2025-03-05 00:00:00+00:00,174844.63
2025-03-06 00:00:00+00:00,172134.67
2025-03-07 00:00:00+00:00,173835.77
2025-03-10 00:00:00+00:00,167116.51
2025-03-11 00:00:00+00:00,164835.95
2025-03-12 00:00:00+00:00,164738.01
2025-03-13 00:00:00+00:00,161120.79
2025-03-14 00:00:00+00:00,164502.23
2025-03-17 00:00:00+00:00,165394.73
2025-03-18 00:00:00+00:00,163503.81
2025-03-19 00:00:00+00:00,165484.77
2025-03-20 00:00:00+00:00,164842.93
2025-03-21 00:00:00+00:00,166001.53
2025-03-24 00:00:00+00:00,168732.33
2025-03-25 00:00:00+00:00,169989.45
2025-03-26 00:00:00+00:00,167691.07
2025-03-27 00:00:00+00:00,167826.81
2025-03-28 00:00:00+00:00,163713.47
2025-03-31 00:00:00+00:00,165140.03
2025-04-01 00:00:00+00:00,166022.35
2025-04-02 00:00:00+00:00,166938.85
2025-04-03 00:00:00+00:00,155962.17
2025-04-04 00:00:00+00:00,145909.07
2025-04-07 00:00:00+00:00,144145.11
2025-04-08 00:00:00+00:00,140151.11
2025-04-09 00:00:00+00:00,157752.37
2025-04-10 00:00:00+00:00,151018.59
2025-04-11 00:00:00+00:00,154868.09
2025-04-14 00:00:00+00:00,156840.43
2025-04-15 00:00:00+00:00,156674.25
2025-04-16 00:00:00+00:00,151872.17
2025-04-17 00:00:00+00:00,152636.77
2025-04-21 00:00:00+00:00,149195.59
2025-04-22 00:00:00+00:00,153479.25
2025-04-23 00:00:00+00:00,156705.11
2025-04-24 00:00:00+00:00,160248.03
2025-04-25 00:00:00+00:00,161472.19
2025-04-28 00:00:00+00:00,161696.97
2025-04-29 00:00:00+00:00,162662.61
2025-04-30 00:00:00+00:00,163012.07
2025-05-01 00:00:00+00:00,164334.93
2025-05-02 00:00:00+00:00,163846.33
2025-05-05 00:00:00+00:00,161514.71
2025-05-06 00:00:00+00:00,160449.61
2025-05-07 00:00:00+00:00,160293.95
2025-05-08 00:00:00+00:00,161573.85
2025-05-09 00:00:00+00:00,161744.73
2025-05-12 00:00:00+00:00,169025.87
2025-05-13 00:00:00+00:00,170877.41
2025-05-14 00:00:00+00:00,171167.87
2025-05-15 00:00:00+00:00,171254.81
2025-05-16 00:00:00+00:00,171806.91
2025-05-19 00:00:00+00:00,171275.05
2025-05-20 00:00:00+00:00,170384.25
2025-05-21 00:00:00+00:00,167378.85
2025-05-22 00:00:00+00:00,167326.41
2025-05-23 00:00:00+00:00,164798.31
2025-05-27 00:00:00+00:00,168613.55
2025-05-28 00:00:00+00:00,168088.01
2025-05-29 00:00:00+00:00,168290.87
2025-05-30 00:00:00+00:00,168368.23
2025-06-02 00:00:00+00:00,169384.85
2025-06-03 00:00:00+00:00,170594.03
2025-06-04 00:00:00+00:00,170644.65
2025-06-05 00:00:00+00:00,169329.67
2025-06-06 00:00:00+00:00,171351.51
2025-06-09 00:00:00+00:00,170847.53
2025-06-10 00:00:00+00:00,171894.81
2025-06-11 00:00:00+00:00,170504.51
2025-06-12 00:00:00+00:00,170975.09
2025-06-13 00:00:00+00:00,168843.29
2025-06-16 00:00:00+00:00,170756.83
2025-06-17 00:00:00+00:00,168939.53
2025-06-18 00:00:00+00:00,169166.91
2025-06-20 00:00:00+00:00,169785.35
2025-06-23 00:00:00+00:00,171018.85
2025-06-24 00:00:00+00:00,172282.75
2025-06-25 00:00:00+00:00,172813.23
2025-06-26 00:00:00+00:00,173702.45
2025-06-27 00:00:00+00:00,174216.73
2025-06-30 00:00:00+00:00,175981.35
2025-07-01 00:00:00+00:00,176081.85
2025-07-02 00:00:00+00:00,178005.53
2025-07-03 00:00:00+00:00,179388.97
2025-07-07 00:00:00+00:00,177525.45
2025-07-08 00:00:00+00:00,177550.37
2025-07-09 00:00:00+00:00,178651.19
2025-07-10 00:00:00+00:00,179036.09
2025-07-11 00:00:00+00:00,178364.39
2025-07-14 00:00:00+00:00,178050.49
2025-07-15 00:00:00+00:00,178012.49
2025-07-16 00:00:00+00:00,178537.15
2025-07-17 00:00:00+00:00,179388.23
2025-07-18 00:00:00+00:00,179585.63
2025-07-21 00:00:00+00:00,180389.41
2025-07-22 00:00:00+00:00,180538.11
2025-07-23 00:00:00+00:00,181250.15
2025-07-24 00:00:00+00:00,181314.83
2025-07-25 00:00:00+00:00,181745.39
2025-07-28 00:00:00+00:00,181995.65
2025-07-29 00:00:00+00:00,181013.69
2025-07-30 00:00:00+00:00,180457.49
2025-07-31 00:00:00+00:00,179491.81
2025-08-01 00:00:00+00:00,175860.95
2025-08-04 00:00:00+00:00,178195.07
2025-08-05 00:00:00+00:00,177332.29
2025-08-06 00:00:00+00:00,181326.61
2025-08-07 00:00:00+00:00,183295.47
2025-08-08 00:00:00+00:00,186819.73
2025-08-11 00:00:00+00:00,185932.03
2025-08-12 00:00:00+00:00,188054.19
2025-08-13 00:00:00+00:00,189243.51
2025-08-14 00:00:00+00:00,189048.77
2025-08-15 00:00:00+00:00,188290.93
2025-08-18 00:00:00+00:00,188066.97
2025-08-19 00:00:00+00:00,186709.45
2025-08-20 00:00:00+00:00,184952.03
2025-08-21 00:00:00+00:00,184116.17
2025-08-22 00:00:00+00:00,186782.41
2025-08-25 00:00:00+00:00,186176.37
2025-08-26 00:00:00+00:00,187254.97
2025-08-27 00:00:00+00:00,187799.67
2025-08-28 00:00:00+00:00,188984.11
2025-08-29 00:00:00+00:00,187712.93
2025-09-02 00:00:00+00:00,186075.09
2025-09-03 00:00:00+00:00,189217.81
2025-09-04 00:00:00+00:00,190663.55
2025-09-05 00:00:00+00:00,190581.21
2025-09-08 00:00:00+00:00,190592.17
2025-09-09 00:00:00+00:00,189999.67
2025-09-10 00:00:00+00:00,188204.19
2025-09-11 00:00:00+00:00,189938.31
2025-09-12 00:00:00+00:00,191297.79
2025-09-15 00:00:00+00:00,192910.33
2025-09-16 00:00:00+00:00,193149.97
2025-09-17 00:00:00+00:00,193153.21
2025-09-18 00:00:00+00:00,193786.95
2025-09-19 00:00:00+00:00,196406.95
2025-09-22 00:00:00+00:00,199802.35
2025-09-23 00:00:00+00:00,198561.87
2025-09-24 00:00:00+00:00,197564.57
2025-09-25 00:00:00+00:00,198178.31
2025-09-26 00:00:00+00:00,198435.67
2025-09-29 00:00:00+00:00,198668.01
2025-09-30 00:00:00+00:00,199138.77
2025-10-01 00:00:00+00:00,199905.95
2025-10-02 00:00:00+00:00,200719.85
2025-10-03 00:00:00+00:00,200635.97
2025-10-06 00:00:00+00:00,201055.63
2025-10-07 00:00:00+00:00,200389.67
2025-10-08 00:00:00+00:00,202006.09
2025-10-09 00:00:00+00:00,200693.39
2025-10-10 00:00:00+00:00,194206.81
2025-10-13 00:00:00+00:00,197245.95
2025-10-14 00:00:00+00:00,196707.87
2025-10-15 00:00:00+00:00,197895.33
2025-10-16 00:00:00+00:00,196734.05
2025-10-17 00:00:00+00:00,198813.19
2025-10-20 00:00:00+00:00,202957.99
2025-10-21 00:00:00+00:00,203076.15
2025-10-22 00:00:00+00:00,200913.81
2025-10-23 00:00:00+00:00,202181.59
2025-10-24 00:00:00+00:00,204311.09
2025-10-27 00:00:00+00:00,207930.37
2025-10-28 00:00:00+00:00,208735.59
2025-10-29 00:00:00+00:00,209300.77
2025-10-30 00:00:00+00:00,207890.73
2025-10-31 00:00:00+00:00,208187.13
2025-11-03 00:00:00+00:00,208324.61
2025-11-04 00:00:00+00:00,206296.47
2025-11-05 00:00:00+00:00,207023.63
2025-11-06 00:00:00+00:00,204861.83
2025-11-07 00:00:00+00:00,204338.67
2025-11-10 00:00:00+00:00,207163.37
2025-11-11 00:00:00+00:00,208616.53
2025-11-12 00:00:00+00:00,208122.09
2025-11-13 00:00:00+00:00,205438.29
2025-11-14 00:00:00+00:00,205344.39
2025-11-17 00:00:00+00:00,202864.33
2025-11-18 00:00:00+00:00,201466.95
2025-11-19 00:00:00+00:00,202421.13
2025-11-20 00:00:00+00:00,199186.51
2025-11-21 00:00:00+00:00,201663.99
2025-11-24 00:00:00+00:00,205530.01
2025-11-25 00:00:00+00:00,206808.57
2025-11-26 00:00:00+00:00,208028.41
2025-11-28 00:00:00+00:00,209305.59
2025-12-01 00:00:00+00:00,209892.85
2025-12-02 00:00:00+00:00,211409.71
2025-12-03 00:00:00+00:00,211266.67
2025-12-04 00:00:00+00:00,210333.85
2025-12-05 00:00:00+00:00,210257.57
2025-12-08 00:00:00+00:00,209698.43
2025-12-09 00:00:00+00:00,209557.15
2025-12-10 00:00:00+00:00,210683.37
2025-12-11 00:00:00+00:00,210372.75
2025-12-12 00:00:00+00:00,208317.95
2025-12-15 00:00:00+00:00,206754.91
2025-12-16 00:00:00+00:00,206875.99
2025-12-17 00:00:00+00:00,204101.67
2025-12-18 00:00:00+00:00,205708.19
2025-12-19 00:00:00+00:00,207434.83
2025-12-22 00:00:00+00:00,207359.91
2025-12-23 00:00:00+00:00,208352.87
2025-12-24 00:00:00+00:00,209166.57
2025-12-26 00:00:00+00:00,209048.17
2025-12-29 00:00:00+00:00,208556.45
2025-12-30 00:00:00+00:00,208127.49
2025-12-31 00:00:00+00:00,206735.23
