ts,cash,equity,open_positions,exposure
2023-01-03 00:00:00+00:00,100000.0,100000.0,0,0.0
2023-01-04 00:00:00+00:00,66738.2,99844.52,1,33106.32
2023-01-05 00:00:00+00:00,66738.2,99493.44,1,32755.24
2023-01-06 00:00:00+00:00,66738.2,100698.64,1,33960.44
2023-01-09 00:00:00+00:00,66738.2,100837.5,1,34099.3
2023-01-10 00:00:00+00:00,66738.2,100989.46,1,34251.26
2023-01-11 00:00:00+00:00,66738.2,101712.58,1,34974.38
2023-01-12 00:00:00+00:00,66738.2,101691.62,1,34953.42
2023-01-13 00:00:00+00:00,66738.2,102045.32,1,35307.12
2023-01-17 00:00:00+00:00,66738.2,102354.48,1,35616.28
2023-01-18 00:00:00+00:00,66738.2,102163.22,1,35425.02
2023-01-19 00:00:00+00:00,66738.2,102178.94,1,35440.74
2023-01-20 00:00:00+00:00,66738.2,102860.14,1,36121.94
2023-01-23 00:00:00+00:00,66738.2,103709.02,1,36970.82
2023-01-24 00:00:00+00:00,66738.2,104081.06,1,37342.86
2023-01-25 00:00:00+00:00,66738.2,103905.52,1,37167.32
2023-01-26 00:00:00+00:00,66738.2,104455.72,1,37717.52
2023-01-27 00:00:00+00:00,66738.2,104971.86,1,38233.66
2023-01-30 00:00:00+00:00,66738.2,104204.2,1,37466.0
2023-01-31 00:00:00+00:00,66738.2,104542.18,1,37803.98
2023-02-01 00:00:00+00:00,66738.2,104840.86,1,38102.66
2023-02-02 00:00:00+00:00,66738.2,106253.04,1,39514.84
2023-02-03 00:00:00+00:00,105502.67,105502.67,0,0.0
2023-02-06 00:00:00+00:00,105502.67,105502.67,0,0.0
2023-02-07 00:00:00+00:00,105502.67,105502.67,0,0.0
2023-02-08 00:00:00+00:00,105502.67,105502.67,0,0.0
2023-02-09 00:00:00+00:00,105502.67,105502.67,0,0.0
2023-02-10 00:00:00+00:00,105502.67,105502.67,0,0.0
2023-02-13 00:00:00+00:00,105502.67,105502.67,0,0.0
2023-02-14 00:00:00+00:00,105502.67,105502.67,0,0.0
2023-02-15 00:00:00+00:00,105502.67,105502.67,0,0.0
2023-02-16 00:00:00+00:00,105502.67,105502.67,0,0.0
2023-02-17 00:00:00+00:00,105502.67,105502.67,0,0.0
2023-02-21 00:00:00+00:00,105502.67,105502.67,0,0.0
2023-02-22 00:00:00+00:00,105502.67,105502.67,0,0.0
2023-02-23 00:00:00+00:00,105502.67,105502.67,0,0.0
2023-02-24 00:00:00+00:00,105502.67,105502.67,0,0.0
2023-02-27 00:00:00+00:00,105502.67,105502.67,0,0.0
2023-02-28 00:00:00+00:00,105502.67,105502.67,0,0.0
2023-03-01 00:00:00+00:00,105502.67,105502.67,0,0.0
2023-03-02 00:00:00+00:00,105502.67,105502.67,0,0.0
2023-03-03 00:00:00+00:00,105502.67,105502.67,0,0.0
2023-03-06 00:00:00+00:00,105502.67,105502.67,0,0.0
2023-03-07 00:00:00+00:00,105502.67,105502.67,0,0.0
2023-03-08 00:00:00+00:00,105502.67,105502.67,0,0.0
2023-03-09 00:00:00+00:00,105502.67,105502.67,0,0.0
2023-03-10 00:00:00+00:00,105502.67,105502.67,0,0.0
2023-03-13 00:00:00+00:00,105502.67,105502.67,0,0.0
2023-03-14 00:00:00+00:00,70340.09,105595.79,1,35255.7
2023-03-15 00:00:00+00:00,70340.09,105375.29,1,35035.2
2023-03-16 00:00:00+00:00,70340.09,105989.99,1,35649.9
2023-03-17 00:00:00+00:00,70340.09,105439.19,1,35099.1
2023-03-20 00:00:00+00:00,70340.09,105776.69,1,35436.6
2023-03-21 00:00:00+00:00,70340.09,106241.99,1,35901.9
2023-03-22 00:00:00+00:00,70340.09,105629.99,1,35289.9
2023-03-23 00:00:00+00:00,70340.09,105725.39,1,35385.3
2023-03-24 00:00:00+00:00,70340.09,105957.59,1,35617.5
2023-03-27 00:00:00+00:00,70340.09,106024.19,1,35684.1
2023-03-28 00:00:00+00:00,70340.09,105944.09,1,35604.0
2023-03-29 00:00:00+00:00,70340.09,106461.59,1,36121.5
2023-03-30 00:00:00+00:00,70340.09,106673.09,1,36333.0
2023-03-31 00:00:00+00:00,70340.09,107185.19,1,36845.1
2023-04-03 00:00:00+00:00,70340.09,107325.59,1,36985.5
2023-04-04 00:00:00+00:00,70340.09,107120.39,1,36780.3
2023-04-05 00:00:00+00:00,70340.09,107024.09,1,36684.0
2023-04-06 00:00:00+00:00,70340.09,107167.19,1,36827.1
2023-04-10 00:00:00+00:00,70340.09,107204.99,1,36864.9
2023-04-11 00:00:00+00:00,70340.09,107214.89,1,36874.8
2023-04-12 00:00:00+00:00,70340.09,107064.59,1,36724.5
2023-04-13 00:00:00+00:00,70340.09,107552.39,1,37212.3
2023-04-14 00:00:00+00:00,70340.09,107461.49,1,37121.4
2023-04-17 00:00:00+00:00,70340.09,107594.69,1,37254.6
2023-04-18 00:00:00+00:00,70340.09,107618.99,1,37278.9
2023-04-19 00:00:00+00:00,70340.09,107612.69,1,37272.6
2023-04-20 00:00:00+00:00,70340.09,107409.29,1,37069.2
2023-04-21 00:00:00+00:00,70340.09,107438.09,1,37098.0
2023-04-24 00:00:00+00:00,70340.09,107476.79,1,37136.7
2023-04-25 00:00:00+00:00,70340.09,106887.29,1,36547.2
2023-04-26 00:00:00+00:00,70340.09,106732.49,1,36392.4
2023-04-27 00:00:00+00:00,70340.09,107456.99,1,37116.9
2023-04-28 00:00:00+00:00,70340.09,107773.79,1,37433.7
2023-05-01 00:00:00+00:00,70340.09,107735.99,1,37395.9
2023-05-02 00:00:00+00:00,70340.09,107315.69,1,36975.6
2023-05-03 00:00:00+00:00,70340.09,107061.89,1,36721.8
2023-05-04 00:00:00+00:00,70340.09,106801.79,1,36461.7
2023-05-05 00:00:00+00:00,70340.09,107476.79,1,37136.7
2023-05-08 00:00:00+00:00,70340.09,107486.69,1,37146.6
2023-05-09 00:00:00+00:00,70340.09,107323.79,1,36983.7
2023-05-10 00:00:00+00:00,70340.09,107496.59,1,37156.5
2023-05-11 00:00:00+00:00,70340.09,107431.79,1,37091.7
2023-05-12 00:00:00+00:00,70340.09,107383.19,1,37043.1
2023-05-15 00:00:00+00:00,70340.09,107510.99,1,37170.9
2023-05-16 00:00:00+00:00,70340.09,107262.59,1,36922.5
2023-05-17 00:00:00+00:00,70340.09,107710.79,1,37370.7
2023-05-18 00:00:00+00:00,70340.09,108070.79,1,37730.7
2023-05-19 00:00:00+00:00,70340.09,108015.89,1,37675.8
2023-05-22 00:00:00+00:00,70340.09,108031.19,1,37691.1
2023-05-23 00:00:00+00:00,70340.09,107608.19,1,37268.1
2023-05-24 00:00:00+00:00,70340.09,107338.19,1,36998.1
2023-05-25 00:00:00+00:00,70340.09,107658.59,1,37318.5
2023-05-26 00:00:00+00:00,70340.09,108141.89,1,37801.8
2023-05-30 00:00:00+00:00,70340.09,108156.29,1,37816.2
2023-05-31 00:00:00+00:00,70340.09,107946.59,1,37606.5
2023-06-01 00:00:00+00:00,70340.09,108303.89,1,37963.8
2023-06-02 00:00:00+00:00,70340.09,108852.89,1,38512.8
2023-06-05 00:00:00+00:00,70340.09,108779.09,1,38439.0
2023-06-06 00:00:00+00:00,70340.09,108862.79,1,38522.7
2023-06-07 00:00:00+00:00,70340.09,108729.59,1,38389.5
2023-06-08 00:00:00+00:00,70340.09,108961.79,1,38621.7
2023-06-09 00:00:00+00:00,70340.09,109031.09,1,38691.0
2023-06-12 00:00:00+00:00,70340.09,109382.09,1,39042.0
2023-06-13 00:00:00+00:00,109499.3,109499.3,0,0.0
2023-06-14 00:00:00+00:00,109499.3,109499.3,0,0.0
2023-06-15 00:00:00+00:00,109499.3,109499.3,0,0.0
2023-06-16 00:00:00+00:00,109499.3,109499.3,0,0.0
2023-06-20 00:00:00+00:00,109499.3,109499.3,0,0.0
2023-06-21 00:00:00+00:00,109499.3,109499.3,0,0.0
2023-06-22 00:00:00+00:00,109499.3,109499.3,0,0.0
2023-06-23 00:00:00+00:00,109499.3,109499.3,0,0.0
2023-06-26 00:00:00+00:00,109499.3,109499.3,0,0.0
2023-06-27 00:00:00+00:00,109499.3,109499.3,0,0.0
2023-06-28 00:00:00+00:00,109499.3,109499.3,0,0.0
2023-06-29 00:00:00+00:00,109499.3,109499.3,0,0.0
2023-06-30 00:00:00+00:00,109499.3,109499.3,0,0.0
2023-07-03 00:00:00+00:00,109499.3,109499.3,0,0.0
2023-07-05 00:00:00+00:00,109499.3,109499.3,0,0.0
2023-07-06 00:00:00+00:00,109499.3,109499.3,0,0.0
2023-07-07 00:00:00+00:00,109499.3,109499.3,0,0.0
2023-07-10 00:00:00+00:00,109499.3,109499.3,0,0.0
2023-07-11 00:00:00+00:00,109499.3,109499.3,0,0.0
2023-07-12 00:00:00+00:00,109499.3,109499.3,0,0.0
2023-07-13 00:00:00+00:00,109499.3,109499.3,0,0.0
2023-07-14 00:00:00+00:00,109499.3,109499.3,0,0.0
2023-07-17 00:00:00+00:00,109499.3,109499.3,0,0.0
2023-07-18 00:00:00+00:00,109499.3,109499.3,0,0.0
2023-07-19 00:00:00+00:00,109499.3,109499.3,0,0.0
2023-07-20 00:00:00+00:00,109499.3,109499.3,0,0.0
2023-07-21 00:00:00+00:00,109499.3,109499.3,0,0.0
2023-07-24 00:00:00+00:00,109499.3,109499.3,0,0.0
2023-07-25 00:00:00+00:00,109499.3,109499.3,0,0.0
2023-07-26 00:00:00+00:00,109499.3,109499.3,0,0.0
2023-07-27 00:00:00+00:00,109499.3,109499.3,0,0.0
2023-07-28 00:00:00+00:00,109499.3,109499.3,0,0.0
2023-07-31 00:00:00+00:00,109499.3,109499.3,0,0.0
2023-08-01 00:00:00+00:00,109499.3,109499.3,0,0.0
2023-08-02 00:00:00+00:00,109499.3,109499.3,0,0.0
2023-08-03 00:00:00+00:00,109499.3,109499.3,0,0.0
2023-08-04 00:00:00+00:00,109499.3,109499.3,0,0.0
2023-08-07 00:00:00+00:00,73055.09,108825.09,1,35770.0
2023-08-08 00:00:00+00:00,73055.09,109015.09,1,35960.0
2023-08-09 00:00:00+00:00,73055.09,108693.09,1,35638.0
2023-08-10 00:00:00+00:00,73055.09,108649.09,1,35594.0
2023-08-11 00:00:00+00:00,73055.09,108613.09,1,35558.0
2023-08-14 00:00:00+00:00,73055.09,108947.09,1,35892.0
2023-08-15 00:00:00+00:00,73055.09,108545.09,1,35490.0
2023-08-16 00:00:00+00:00,73055.09,108369.09,1,35314.0
2023-08-17 00:00:00+00:00,73055.09,107855.09,1,34800.0
2023-08-18 00:00:00+00:00,36633.81,108197.81,2,71564.0
2023-08-21 00:00:00+00:00,294.03,109120.49,3,108826.46
2023-08-22 00:00:00+00:00,294.03,109246.01,3,108951.98
2023-08-23 00:00:00+00:00,294.03,111012.66,3,110718.63
2023-08-24 00:00:00+00:00,294.03,108752.01,3,108457.98
2023-08-25 00:00:00+00:00,294.03,109739.53,3,109445.5
2023-08-28 00:00:00+00:00,294.03,110566.63,3,110272.6
2023-08-29 00:00:00+00:00,294.03,112699.24,3,112405.21
2023-08-30 00:00:00+00:00,294.03,113771.73,3,113477.7
2023-08-31 00:00:00+00:00,294.03,113874.42,3,113580.39
2023-09-01 00:00:00+00:00,294.03,114222.58,3,113928.55
2023-09-05 00:00:00+00:00,294.03,114155.26,3,113861.23
2023-09-06 00:00:00+00:00,294.03,112207.25,3,111913.22
2023-09-07 00:00:00+00:00,294.03,110751.49,3,110457.46
2023-09-08 00:00:00+00:00,294.03,110984.29,3,110690.26
2023-09-11 00:00:00+00:00,294.03,111909.8,3,111615.77
2023-09-12 00:00:00+00:00,294.03,110668.98,3,110374.95
2023-09-13 00:00:00+00:00,294.03,110438.08,3,110144.05
2023-09-14 00:00:00+00:00,294.03,111376.54,3,111082.51
2023-09-15 00:00:00+00:00,294.03,109990.92,3,109696.89
2023-09-18 00:00:00+00:00,294.03,110589.61,3,110295.58
2023-09-19 00:00:00+00:00,294.03,110652.54,3,110358.51
2023-09-20 00:00:00+00:00,294.03,109056.33,3,108762.3
2023-09-21 00:00:00+00:00,294.03,107460.65,3,107166.62
2023-09-22 00:00:00+00:00,294.03,107556.22,3,107262.19
2023-09-25 00:00:00+00:00,294.03,108137.96,3,107843.93
2023-09-26 00:00:00+00:00,294.03,106235.16,3,105941.13
2023-09-27 00:00:00+00:00,294.03,106027.27,3,105733.24
2023-09-28 00:00:00+00:00,294.03,106586.72,3,106292.69
2023-09-29 00:00:00+00:00,294.03,106629.62,3,106335.59
2023-10-02 00:00:00+00:00,294.03,107425.33,3,107131.3
2023-10-03 00:00:00+00:00,294.03,106034.51,3,105740.48
2023-10-04 00:00:00+00:00,294.03,107032.22,3,106738.19
2023-10-05 00:00:00+00:00,294.03,107161.72,3,106867.69
2023-10-06 00:00:00+00:00,294.03,108708.09,3,108414.06
2023-10-09 00:00:00+00:00,294.03,109426.95,3,109132.92
2023-10-10 00:00:00+00:00,294.03,109700.98,3,109406.95
2023-10-11 00:00:00+00:00,294.03,110398.13,3,110104.1
2023-10-12 00:00:00+00:00,294.03,110226.4,3,109932.37
2023-10-13 00:00:00+00:00,294.03,109203.31,3,108909.28
2023-10-16 00:00:00+00:00,294.03,109975.8,3,109681.77
2023-10-17 00:00:00+00:00,294.03,109537.91,3,109243.88
2023-10-18 00:00:00+00:00,294.03,108300.04,3,108006.01
2023-10-19 00:00:00+00:00,294.03,107563.12,3,107269.09
2023-10-20 00:00:00+00:00,294.03,106064.59,3,105770.56
2023-10-23 00:00:00+00:00,294.03,106135.34,3,105841.31
2023-10-24 00:00:00+00:00,294.03,106839.08,3,106545.05
2023-10-25 00:00:00+00:00,294.03,104972.57,3,104678.54
2023-10-26 00:00:00+00:00,294.03,103035.89,3,102741.86
2023-10-27 00:00:00+00:00,294.03,103311.46,3,103017.43
2023-10-30 00:00:00+00:00,294.03,104530.79,3,104236.76
2023-10-31 00:00:00+00:00,294.03,105014.7,3,104720.67
2023-11-01 00:00:00+00:00,294.03,106644.43,3,106350.4
2023-11-02 00:00:00+00:00,294.03,108699.31,3,108405.28
2023-11-03 00:00:00+00:00,294.03,109276.7,3,108982.67
2023-11-06 00:00:00+00:00,294.03,110028.2,3,109734.17
2023-11-07 00:00:00+00:00,294.03,111002.85,3,110708.82
2023-11-08 00:00:00+00:00,294.03,111267.97,3,110973.94
2023-11-09 00:00:00+00:00,294.03,110595.66,3,110301.63
2023-11-10 00:00:00+00:00,294.03,112802.66,3,112508.63
2023-11-13 00:00:00+00:00,294.03,112328.2,3,112034.17
2023-11-14 00:00:00+00:00,294.03,114393.68,3,114099.65
2023-11-15 00:00:00+00:00,294.03,114616.77,3,114322.74
2023-11-16 00:00:00+00:00,294.03,115036.3,3,114742.27
2023-11-17 00:00:00+00:00,38325.0,115181.4,2,76856.4
2023-11-20 00:00:00+00:00,38325.0,115947.58,2,77622.58
2023-11-21 00:00:00+00:00,115643.81,115643.81,0,0.0
2023-11-22 00:00:00+00:00,115643.81,115643.81,0,0.0
2023-11-24 00:00:00+00:00,115643.81,115643.81,0,0.0
2023-11-27 00:00:00+00:00,115643.81,115643.81,0,0.0
2023-11-28 00:00:00+00:00,115643.81,115643.81,0,0.0
2023-11-29 00:00:00+00:00,115643.81,115643.81,0,0.0
2023-11-30 00:00:00+00:00,115643.81,115643.81,0,0.0
2023-12-01 00:00:00+00:00,115643.81,115643.81,0,0.0
2023-12-04 00:00:00+00:00,115643.81,115643.81,0,0.0
2023-12-05 00:00:00+00:00,115643.81,115643.81,0,0.0
2023-12-06 00:00:00+00:00,115643.81,115643.81,0,0.0
2023-12-07 00:00:00+00:00,115643.81,115643.81,0,0.0
2023-12-08 00:00:00+00:00,115643.81,115643.81,0,0.0
2023-12-11 00:00:00+00:00,115643.81,115643.81,0,0.0
2023-12-12 00:00:00+00:00,115643.81,115643.81,0,0.0
2023-12-13 00:00:00+00:00,115643.81,115643.81,0,0.0
2023-12-14 00:00:00+00:00,115643.81,115643.81,0,0.0
2023-12-15 00:00:00+00:00,115643.81,115643.81,0,0.0
2023-12-18 00:00:00+00:00,115643.81,115643.81,0,0.0
2023-12-19 00:00:00+00:00,115643.81,115643.81,0,0.0
2023-12-20 00:00:00+00:00,115643.81,115643.81,0,0.0
2023-12-21 00:00:00+00:00,115643.81,115643.81,0,0.0
2023-12-22 00:00:00+00:00,115643.81,115643.81,0,0.0
2023-12-26 00:00:00+00:00,115643.81,115643.81,0,0.0
2023-12-27 00:00:00+00:00,115643.81,115643.81,0,0.0
2023-12-28 00:00:00+00:00,115643.81,115643.81,0,0.0
2023-12-29 00:00:00+00:00,115643.81,115643.81,0,0.0
2024-01-02 00:00:00+00:00,115643.81,115643.81,0,0.0
2024-01-03 00:00:00+00:00,115643.81,115643.81,0,0.0
2024-01-04 00:00:00+00:00,77190.94,115573.95,1,38383.01
2024-01-05 00:00:00+00:00,77190.94,115419.92,1,38228.98
2024-01-08 00:00:00+00:00,77190.94,116344.1,1,39153.16
2024-01-09 00:00:00+00:00,77190.94,116255.48,1,39064.54
2024-01-10 00:00:00+00:00,77190.94,116477.03,1,39286.09
2024-01-11 00:00:00+00:00,77190.94,116350.43,1,39159.49
2024-01-12 00:00:00+00:00,77190.94,116420.06,1,39229.12
2024-01-16 00:00:00+00:00,77190.94,115936.87,1,38745.93
2024-01-17 00:00:00+00:00,77190.94,115736.42,1,38545.48
2024-01-18 00:00:00+00:00,77190.94,116991.87,1,39800.93
2024-01-19 00:00:00+00:00,77190.94,117610.1,1,40419.16
2024-01-22 00:00:00+00:00,77190.94,118101.73,1,40910.79
2024-01-23 00:00:00+00:00,77190.94,118373.92,1,41182.98
2024-01-24 00:00:00+00:00,77190.94,118230.44,1,41039.5
2024-01-25 00:00:00+00:00,77190.94,118160.81,1,40969.87
2024-01-26 00:00:00+00:00,77190.94,117791.56,1,40600.62
2024-01-29 00:00:00+00:00,77190.94,117645.97,1,40455.03
2024-01-30 00:00:00+00:00,77190.94,116867.38,1,39676.44
2024-01-31 00:00:00+00:00,77190.94,116099.34,1,38908.4
2024-02-01 00:00:00+00:00,77190.94,116618.4,1,39427.46
2024-02-02 00:00:00+00:00,77190.94,116405.29,1,39214.35
2024-02-05 00:00:00+00:00,77190.94,116791.42,1,39600.48
2024-02-06 00:00:00+00:00,77190.94,117133.24,1,39942.3
2024-02-07 00:00:00+00:00,77190.94,117156.45,1,39965.51
2024-02-08 00:00:00+00:00,77190.94,116926.46,1,39735.52
2024-02-09 00:00:00+00:00,77190.94,117038.29,1,39847.35
2024-02-12 00:00:00+00:00,77190.94,116679.59,1,39488.65
2024-02-13 00:00:00+00:00,77190.94,116234.38,1,39043.44
2024-02-14 00:00:00+00:00,77190.94,116046.59,1,38855.65
2024-02-15 00:00:00+00:00,77190.94,115985.4,1,38794.46
2024-02-16 00:00:00+00:00,77190.94,115658.35,1,38467.41
2024-02-20 00:00:00+00:00,77190.94,115500.1,1,38309.16
2024-02-21 00:00:00+00:00,77190.94,115660.46,1,38469.52
2024-02-22 00:00:00+00:00,77190.94,116093.01,1,38902.07
2024-02-23 00:00:00+00:00,77190.94,115702.66,1,38511.72
2024-02-26 00:00:00+00:00,77190.94,115415.7,1,38224.76
2024-02-27 00:00:00+00:00,77190.94,115725.87,1,38534.93
2024-02-28 00:00:00+00:00,77190.94,115470.56,1,38279.62
2024-02-29 00:00:00+00:00,77190.94,115329.19,1,38138.25
2024-03-01 00:00:00+00:00,77190.94,115099.2,1,37908.26
2024-03-04 00:00:00+00:00,77190.94,114137.04,1,36946.1
2024-03-05 00:00:00+00:00,77190.94,113086.26,1,35895.32
2024-03-06 00:00:00+00:00,77190.94,112875.26,1,35684.32
2024-03-07 00:00:00+00:00,77190.94,112849.94,1,35659.0
2024-03-08 00:00:00+00:00,77190.94,113214.97,1,36024.03
2024-03-11 00:00:00+00:00,77190.94,113641.19,1,36450.25
2024-03-12 00:00:00+00:00,77190.94,113742.47,1,36551.53
2024-03-13 00:00:00+00:00,77190.94,113299.37,1,36108.43
2024-03-14 00:00:00+00:00,77190.94,113693.94,1,36503.0
2024-03-15 00:00:00+00:00,77190.94,113613.76,1,36422.82
2024-03-18 00:00:00+00:00,77190.94,113845.86,1,36654.92
2024-03-19 00:00:00+00:00,77190.94,114343.82,1,37152.88
2024-03-20 00:00:00+00:00,77190.94,114890.31,1,37699.37
2024-03-21 00:00:00+00:00,77190.94,113350.01,1,36159.07
2024-03-22 00:00:00+00:00,77190.94,113542.02,1,36351.08
2024-03-25 00:00:00+00:00,77190.94,113240.29,1,36049.35
2024-03-26 00:00:00+00:00,77190.94,112999.75,1,35808.81
2024-03-27 00:00:00+00:00,77190.94,113759.35,1,36568.41
2024-03-28 00:00:00+00:00,77190.94,113373.22,1,36182.28
2024-04-01 00:00:00+00:00,77190.94,113067.27,1,35876.33
2024-04-02 00:00:00+00:00,77190.94,112816.18,1,35625.24
2024-04-03 00:00:00+00:00,77190.94,112987.09,1,35796.15
2024-04-04 00:00:00+00:00,77190.94,112811.96,1,35621.02
2024-04-05 00:00:00+00:00,77190.94,112972.32,1,35781.38
2024-04-08 00:00:00+00:00,77190.94,112733.89,1,35542.95
2024-04-09 00:00:00+00:00,77190.94,112991.31,1,35800.37
2024-04-10 00:00:00+00:00,77190.94,112592.52,1,35401.58
2024-04-11 00:00:00+00:00,77190.94,114124.38,1,36933.44
2024-04-12 00:00:00+00:00,77190.94,114442.99,1,37252.05
2024-04-15 00:00:00+00:00,77190.94,113628.53,1,36437.59
2024-04-16 00:00:00+00:00,77190.94,112930.12,1,35739.18
2024-04-17 00:00:00+00:00,77190.94,112638.94,1,35448.0
2024-04-18 00:00:00+00:00,77190.94,112436.38,1,35245.44
2024-04-19 00:00:00+00:00,38714.83,111657.15,2,72942.32
2024-04-22 00:00:00+00:00,303.12,112305.24,3,112002.12
2024-04-23 00:00:00+00:00,303.12,113560.51,3,113257.39
2024-04-24 00:00:00+00:00,303.12,114121.83,3,113818.71
2024-04-25 00:00:00+00:00,303.12,113968.04,3,113664.92
2024-04-26 00:00:00+00:00,303.12,114813.44,3,114510.32
2024-04-29 00:00:00+00:00,303.12,115999.24,3,115696.12
2024-04-30 00:00:00+00:00,303.12,113957.49,3,113654.37
2024-05-01 00:00:00+00:00,303.12,113332.21,3,113029.09
2024-05-02 00:00:00+00:00,303.12,114974.56,3,114671.44
2024-05-03 00:00:00+00:00,303.12,118429.79,3,118126.67
2024-05-06 00:00:00+00:00,303.12,118922.82,3,118619.7
2024-05-07 00:00:00+00:00,303.12,119118.74,3,118815.62
2024-05-08 00:00:00+00:00,303.12,119170.41,3,118867.29
2024-05-09 00:00:00+00:00,303.12,119874.32,3,119571.2
2024-05-10 00:00:00+00:00,303.12,119700.87,3,119397.75
2024-05-13 00:00:00+00:00,303.12,120481.63,3,120178.51
2024-05-14 00:00:00+00:00,303.12,121170.51,3,120867.39
2024-05-15 00:00:00+00:00,303.12,122793.9,3,122490.78
2024-05-16 00:00:00+00:00,40472.19,122763.48,2,82291.29
2024-05-17 00:00:00+00:00,40472.19,122801.76,2,82329.57
2024-05-20 00:00:00+00:00,40472.19,123138.53,2,82666.34
2024-05-21 00:00:00+00:00,40472.19,123320.51,2,82848.32
2024-05-22 00:00:00+00:00,81311.81,123237.13,1,41925.32
2024-05-23 00:00:00+00:00,81311.81,123048.53,1,41736.72
2024-05-24 00:00:00+00:00,81311.81,123443.21,1,42131.4
2024-05-28 00:00:00+00:00,81311.81,123602.37,1,42290.56
2024-05-29 00:00:00+00:00,123195.02,123195.02,0,0.0
2024-05-30 00:00:00+00:00,123195.02,123195.02,0,0.0
2024-05-31 00:00:00+00:00,123195.02,123195.02,0,0.0
2024-06-03 00:00:00+00:00,123195.02,123195.02,0,0.0
2024-06-04 00:00:00+00:00,123195.02,123195.02,0,0.0
2024-06-05 00:00:00+00:00,123195.02,123195.02,0,0.0
2024-06-06 00:00:00+00:00,123195.02,123195.02,0,0.0
2024-06-07 00:00:00+00:00,123195.02,123195.02,0,0.0
2024-06-10 00:00:00+00:00,123195.02,123195.02,0,0.0
2024-06-11 00:00:00+00:00,123195.02,123195.02,0,0.0
2024-06-12 00:00:00+00:00,123195.02,123195.02,0,0.0
2024-06-13 00:00:00+00:00,123195.02,123195.02,0,0.0
2024-06-14 00:00:00+00:00,123195.02,123195.02,0,0.0
2024-06-17 00:00:00+00:00,123195.02,123195.02,0,0.0
2024-06-18 00:00:00+00:00,123195.02,123195.02,0,0.0
2024-06-20 00:00:00+00:00,123195.02,123195.02,0,0.0
2024-06-21 00:00:00+00:00,123195.02,123195.02,0,0.0
2024-06-24 00:00:00+00:00,123195.02,123195.02,0,0.0
2024-06-25 00:00:00+00:00,123195.02,123195.02,0,0.0
2024-06-26 00:00:00+00:00,123195.02,123195.02,0,0.0
2024-06-27 00:00:00+00:00,123195.02,123195.02,0,0.0
2024-06-28 00:00:00+00:00,123195.02,123195.02,0,0.0
2024-07-01 00:00:00+00:00,123195.02,123195.02,0,0.0
2024-07-02 00:00:00+00:00,123195.02,123195.02,0,0.0
2024-07-03 00:00:00+00:00,123195.02,123195.02,0,0.0
2024-07-05 00:00:00+00:00,123195.02,123195.02,0,0.0
2024-07-08 00:00:00+00:00,123195.02,123195.02,0,0.0
2024-07-09 00:00:00+00:00,123195.02,123195.02,0,0.0
2024-07-10 00:00:00+00:00,123195.02,123195.02,0,0.0
2024-07-11 00:00:00+00:00,123195.02,123195.02,0,0.0
2024-07-12 00:00:00+00:00,123195.02,123195.02,0,0.0
2024-07-15 00:00:00+00:00,123195.02,123195.02,0,0.0
2024-07-16 00:00:00+00:00,123195.02,123195.02,0,0.0
2024-07-17 00:00:00+00:00,123195.02,123195.02,0,0.0
2024-07-18 00:00:00+00:00,123195.02,123195.02,0,0.0
2024-07-19 00:00:00+00:00,123195.02,123195.02,0,0.0
2024-07-22 00:00:00+00:00,123195.02,123195.02,0,0.0
2024-07-23 00:00:00+00:00,123195.02,123195.02,0,0.0
2024-07-24 00:00:00+00:00,123195.02,123195.02,0,0.0
2024-07-25 00:00:00+00:00,123195.02,123195.02,0,0.0
2024-07-26 00:00:00+00:00,82461.46,123202.82,1,40741.36
2024-07-29 00:00:00+00:00,82461.46,123284.66,1,40823.2
2024-07-30 00:00:00+00:00,82461.46,122724.1,1,40262.64
2024-07-31 00:00:00+00:00,82461.46,123915.62,1,41454.16
2024-08-01 00:00:00+00:00,82461.46,122911.54,1,40450.08
2024-08-02 00:00:00+00:00,82461.46,121951.46,1,39490.0
2024-08-05 00:00:00+00:00,82461.46,120774.02,1,38312.56
2024-08-06 00:00:00+00:00,41422.57,121351.06,2,79928.49
2024-08-07 00:00:00+00:00,41422.57,120656.47,2,79233.9
2024-08-08 00:00:00+00:00,41422.57,122774.08,2,81351.51
2024-08-09 00:00:00+00:00,41422.57,123164.86,2,81742.29
2024-08-12 00:00:00+00:00,41422.57,123272.34,2,81849.77
2024-08-13 00:00:00+00:00,41422.57,124950.77,2,83528.2
2024-08-14 00:00:00+00:00,41422.57,125099.06,2,83676.49
2024-08-15 00:00:00+00:00,41422.57,126864.06,2,85441.49
2024-08-16 00:00:00+00:00,41422.57,127015.7,2,85593.13
2024-08-19 00:00:00+00:00,41422.57,127983.52,2,86560.95
2024-08-20 00:00:00+00:00,41422.57,127822.75,2,86400.18
2024-08-21 00:00:00+00:00,41422.57,128171.55,2,86748.98
2024-08-22 00:00:00+00:00,41422.57,127150.75,2,85728.18
2024-08-23 00:00:00+00:00,41422.57,128070.84,2,86648.27
2024-08-26 00:00:00+00:00,41422.57,127554.9,2,86132.33
2024-08-27 00:00:00+00:00,41422.57,127740.69,2,86318.12
2024-08-28 00:00:00+00:00,41422.57,127007.07,2,85584.5
2024-08-29 00:00:00+00:00,41422.57,126950.3,2,85527.73
2024-08-30 00:00:00+00:00,41422.57,127865.05,2,86442.48
2024-09-03 00:00:00+00:00,41422.57,125676.17,2,84253.6
2024-09-04 00:00:00+00:00,41422.57,125481.3,2,84058.73
2024-09-05 00:00:00+00:00,41422.57,125413.28,2,83990.71
2024-09-06 00:00:00+00:00,41422.57,123595.73,2,82173.16
2024-09-09 00:00:00+00:00,41422.57,124581.44,2,83158.87
2024-09-10 00:00:00+00:00,41422.57,125139.06,2,83716.49
2024-09-11 00:00:00+00:00,41422.57,126460.31,2,85037.74
2024-09-12 00:00:00+00:00,41422.57,127234.04,2,85811.47
2024-09-13 00:00:00+00:00,41422.57,127651.28,2,86228.71
2024-09-16 00:00:00+00:00,41422.57,127532.05,2,86109.48
2024-09-17 00:00:00+00:00,41422.57,127572.22,2,86149.65
2024-09-18 00:00:00+00:00,41422.57,127259.89,2,85837.32
2024-09-19 00:00:00+00:00,41422.57,129065.67,2,87643.1
2024-09-20 00:00:00+00:00,41422.57,128769.04,2,87346.47
2024-09-23 00:00:00+00:00,41422.57,128934.02,2,87511.45
2024-09-24 00:00:00+00:00,41422.57,129267.83,2,87845.26
2024-09-25 00:00:00+00:00,41422.57,129207.89,2,87785.32
2024-09-26 00:00:00+00:00,41422.57,129707.63,2,88285.06
2024-09-27 00:00:00+00:00,41422.57,129402.7,2,87980.13
2024-09-30 00:00:00+00:00,41422.57,129699.77,2,88277.2
2024-10-01 00:00:00+00:00,41422.57,128695.31,2,87272.74
2024-10-02 00:00:00+00:00,41422.57,128774.11,2,87351.54
2024-10-03 00:00:00+00:00,41422.57,128660.27,2,87237.7
2024-10-04 00:00:00+00:00,41422.57,129572.15,2,88149.58
2024-10-07 00:00:00+00:00,41422.57,128703.57,2,87281.0
2024-10-08 00:00:00+00:00,41422.57,129761.4,2,88338.83
2024-10-09 00:00:00+00:00,41422.57,130413.83,2,88991.26
2024-10-10 00:00:00+00:00,41422.57,130284.76,2,88862.19
2024-10-11 00:00:00+00:00,41422.57,130625.07,2,89202.5
2024-10-14 00:00:00+00:00,41422.57,131363.85,2,89941.28
2024-10-15 00:00:00+00:00,41422.57,130419.99,2,88997.42
2024-10-16 00:00:00+00:00,41422.57,130624.35,2,89201.78
2024-10-17 00:00:00+00:00,41422.57,130658.22,2,89235.65
2024-10-18 00:00:00+00:00,41422.57,131118.54,2,89695.97
2024-10-21 00:00:00+00:00,41422.57,131126.3,2,89703.73
2024-10-22 00:00:00+00:00,41422.57,131149.33,2,89726.76
2024-10-23 00:00:00+00:00,41422.57,130059.46,2,88636.89
2024-10-24 00:00:00+00:00,41422.57,130506.69,2,89084.12
2024-10-25 00:00:00+00:00,41422.57,130754.89,2,89332.32
2024-10-28 00:00:00+00:00,41422.57,130903.34,2,89480.77
2024-10-29 00:00:00+00:00,41422.57,131396.48,2,89973.91
2024-10-30 00:00:00+00:00,41422.57,130924.8,2,89502.23
2024-10-31 00:00:00+00:00,41422.57,128923.93,2,87501.36
2024-11-01 00:00:00+00:00,41422.57,129428.57,2,88006.0
2024-11-04 00:00:00+00:00,41422.57,129206.44,2,87783.87
2024-11-05 00:00:00+00:00,41422.57,130296.35,2,88873.78
2024-11-06 00:00:00+00:00,41422.57,132605.77,2,91183.2
2024-11-07 00:00:00+00:00,41422.57,133667.28,2,92244.71
2024-11-08 00:00:00+00:00,41422.57,133923.9,2,92501.33
2024-11-11 00:00:00+00:00,41422.57,133942.53,2,92519.96
2024-11-12 00:00:00+00:00,41422.57,133713.75,2,92291.18
2024-11-13 00:00:00+00:00,41422.57,133678.58,2,92256.01
2024-11-14 00:00:00+00:00,41422.57,133061.94,2,91639.37
2024-11-15 00:00:00+00:00,41422.57,131394.98,2,89972.41
2024-11-18 00:00:00+00:00,41422.57,131888.18,2,90465.61
2024-11-19 00:00:00+00:00,41422.57,132360.75,2,90938.18
2024-11-20 00:00:00+00:00,41422.57,132351.03,2,90928.46
2024-11-21 00:00:00+00:00,41422.57,132760.74,2,91338.17
2024-11-22 00:00:00+00:00,41422.57,132977.38,2,91554.81
2024-11-25 00:00:00+00:00,41422.57,133207.36,2,91784.79
2024-11-26 00:00:00+00:00,41422.57,133693.2,2,92270.63
2024-11-27 00:00:00+00:00,41422.57,133196.54,2,91773.97
2024-11-29 00:00:00+00:00,41422.57,133881.14,2,92458.57
2024-12-02 00:00:00+00:00,41422.57,134454.86,2,93032.29
2024-12-03 00:00:00+00:00,41422.57,134616.02,2,93193.45
2024-12-04 00:00:00+00:00,41422.57,135474.59,2,94052.02
2024-12-05 00:00:00+00:00,89403.71,135322.99,1,45919.28
2024-12-06 00:00:00+00:00,89403.71,135733.95,1,46330.24
2024-12-09 00:00:00+00:00,89403.71,135373.15,1,45969.44
2024-12-10 00:00:00+00:00,89403.71,135216.51,1,45812.8
2024-12-11 00:00:00+00:00,89403.71,136036.67,1,46632.96
2024-12-12 00:00:00+00:00,89403.71,135735.71,1,46332.0
2024-12-13 00:00:00+00:00,89403.71,136090.35,1,46686.64
2024-12-16 00:00:00+00:00,89403.71,136762.67,1,47358.96
2024-12-17 00:00:00+00:00,136579.79,136579.79,0,0.0
2024-12-18 00:00:00+00:00,136579.79,136579.79,0,0.0
2024-12-19 00:00:00+00:00,136579.79,136579.79,0,0.0
2024-12-20 00:00:00+00:00,136579.79,136579.79,0,0.0
2024-12-23 00:00:00+00:00,136579.79,136579.79,0,0.0
2024-12-24 00:00:00+00:00,136579.79,136579.79,0,0.0
2024-12-26 00:00:00+00:00,136579.79,136579.79,0,0.0
2024-12-27 00:00:00+00:00,136579.79,136579.79,0,0.0
2024-12-30 00:00:00+00:00,136579.79,136579.79,0,0.0
2024-12-31 00:00:00+00:00,136579.79,136579.79,0,0.0
2025-01-02 00:00:00+00:00,136579.79,136579.79,0,0.0
2025-01-03 00:00:00+00:00,136579.79,136579.79,0,0.0
2025-01-06 00:00:00+00:00,136579.79,136579.79,0,0.0
2025-01-07 00:00:00+00:00,136579.79,136579.79,0,0.0
2025-01-08 00:00:00+00:00,136579.79,136579.79,0,0.0
2025-01-10 00:00:00+00:00,136579.79,136579.79,0,0.0
2025-01-13 00:00:00+00:00,136579.79,136579.79,0,0.0
2025-01-14 00:00:00+00:00,91250.39,136273.43,1,45023.04
2025-01-15 00:00:00+00:00,91250.39,137159.3,1,45908.91
2025-01-16 00:00:00+00:00,91250.39,135304.57,1,44054.18
2025-01-17 00:00:00+00:00,91250.39,135636.53,1,44386.14
2025-01-21 00:00:00+00:00,91250.39,134219.91,1,42969.52
2025-01-22 00:00:00+00:00,91250.39,134449.58,1,43199.19
2025-01-23 00:00:00+00:00,91250.39,134416.77,1,43166.38
2025-01-24 00:00:00+00:00,91250.39,134246.93,1,42996.54
2025-01-27 00:00:00+00:00,91250.39,135613.37,1,44362.98
2025-01-28 00:00:00+00:00,91250.39,137234.57,1,45984.18
2025-01-29 00:00:00+00:00,91250.39,137446.87,1,46196.48
2025-01-30 00:00:00+00:00,91250.39,137105.26,1,45854.87
2025-01-31 00:00:00+00:00,91250.39,136798.39,1,45548.0
2025-02-03 00:00:00+00:00,91250.39,135256.32,1,44005.93
2025-02-04 00:00:00+00:00,91250.39,136180.79,1,44930.4
2025-02-05 00:00:00+00:00,91250.39,136117.1,1,44866.71
2025-02-06 00:00:00+00:00,91250.39,136261.85,1,45011.46
2025-02-07 00:00:00+00:00,91250.39,135182.98,1,43932.59
2025-02-10 00:00:00+00:00,91250.39,135186.84,1,43936.45
2025-02-11 00:00:00+00:00,91250.39,136146.05,1,44895.66
2025-02-12 00:00:00+00:00,91250.39,136966.3,1,45715.91
2025-02-13 00:00:00+00:00,91250.39,137865.68,1,46615.29
2025-02-14 00:00:00+00:00,91250.39,138458.19,1,47207.8
2025-02-18 00:00:00+00:00,91250.39,138433.1,1,47182.71
2025-02-19 00:00:00+00:00,91250.39,138510.3,1,47259.91
2025-02-20 00:00:00+00:00,91250.39,138695.58,1,47445.19
2025-02-21 00:00:00+00:00,91250.39,138641.54,1,47391.15
2025-02-24 00:00:00+00:00,91250.39,138940.69,1,47690.3
2025-02-25 00:00:00+00:00,91250.39,138929.11,1,47678.72
2025-02-26 00:00:00+00:00,91250.39,137639.87,1,46389.48
2025-02-27 00:00:00+00:00,91250.39,137049.29,1,45798.9
2025-02-28 00:00:00+00:00,605.14,139275.59,3,138670.45
2025-03-03 00:00:00+00:00,605.14,136726.77,3,136121.63
2025-03-04 00:00:00+00:00,605.14,135652.9,3,135047.76
2025-03-05 00:00:00+00:00,605.14,136681.49,3,136076.35
2025-03-06 00:00:00+00:00,605.14,134548.7,3,133943.56
2025-03-07 00:00:00+00:00,605.14,135844.38,3,135239.24
2025-03-10 00:00:00+00:00,605.14,130691.87,3,130086.73
2025-03-11 00:00:00+00:00,605.14,128948.7,3,128343.56
2025-03-12 00:00:00+00:00,605.14,128914.99,3,128309.85
2025-03-13 00:00:00+00:00,605.14,126151.66,3,125546.52
2025-03-14 00:00:00+00:00,605.14,128794.14,3,128189.0
2025-03-17 00:00:00+00:00,605.14,129509.76,3,128904.62
2025-03-18 00:00:00+00:00,605.14,128035.99,3,127430.85
2025-03-19 00:00:00+00:00,605.14,129576.46,3,128971.32
2025-03-20 00:00:00+00:00,605.14,129081.83,3,128476.69
2025-03-21 00:00:00+00:00,605.14,129914.15,3,129309.01
2025-03-24 00:00:00+00:00,605.14,132060.25,3,131455.11
2025-03-25 00:00:00+00:00,605.14,133004.17,3,132399.03
2025-03-26 00:00:00+00:00,605.14,131220.44,3,130615.3
2025-03-27 00:00:00+00:00,605.14,131300.77,3,130695.63
2025-03-28 00:00:00+00:00,605.14,128119.2,3,127514.06
2025-03-31 00:00:00+00:00,605.14,129220.98,3,128615.84
2025-04-01 00:00:00+00:00,605.14,129891.2,3,129286.06
2025-04-02 00:00:00+00:00,605.14,130613.6,3,130008.46
2025-04-03 00:00:00+00:00,605.14,122156.77,3,121551.63
2025-04-04 00:00:00+00:00,605.14,114332.01,3,113726.87
2025-04-07 00:00:00+00:00,605.14,113019.97,3,112414.83
2025-04-08 00:00:00+00:00,605.14,109972.62,3,109367.48
2025-04-09 00:00:00+00:00,605.14,123632.93,3,123027.79
2025-04-10 00:00:00+00:00,605.14,118351.24,3,117746.1
2025-04-11 00:00:00+00:00,605.14,121311.87,3,120706.73
2025-04-14 00:00:00+00:00,605.14,122834.42,3,122229.28
2025-04-15 00:00:00+00:00,605.14,122691.22,3,122086.08
2025-04-16 00:00:00+00:00,605.14,118995.45,3,118390.31
2025-04-17 00:00:00+00:00,605.14,119568.95,3,118963.81
2025-04-21 00:00:00+00:00,605.14,116866.79,3,116261.65
2025-04-22 00:00:00+00:00,605.14,120200.89,3,119595.75
2025-04-23 00:00:00+00:00,605.14,122685.24,3,122080.1
2025-04-24 00:00:00+00:00,605.14,125444.53,3,124839.39
2025-04-25 00:00:00+00:00,605.14,126398.42,3,125793.28
2025-04-28 00:00:00+00:00,605.14,126566.92,3,125961.78
2025-04-29 00:00:00+00:00,605.14,127324.54,3,126719.4
2025-04-30 00:00:00+00:00,605.14,127584.99,3,126979.85
2025-05-01 00:00:00+00:00,605.14,128610.97,3,128005.83
2025-05-02 00:00:00+00:00,605.14,128361.74,3,127756.6
2025-05-05 00:00:00+00:00,605.14,126600.81,3,125995.67
2025-05-06 00:00:00+00:00,605.14,125753.48,3,125148.34
2025-05-07 00:00:00+00:00,605.14,125670.24,3,125065.1
2025-05-08 00:00:00+00:00,605.14,126664.72,3,126059.58
2025-05-09 00:00:00+00:00,605.14,126780.88,3,126175.74
2025-05-12 00:00:00+00:00,605.14,132392.19,3,131787.05
2025-05-13 00:00:00+00:00,605.14,133806.0,3,133200.86
2025-05-14 00:00:00+00:00,605.14,134029.14,3,133424.0
2025-05-15 00:00:00+00:00,47584.96,133860.23,2,86275.27
2025-05-16 00:00:00+00:00,47584.96,134111.54,2,86526.58
2025-05-19 00:00:00+00:00,47584.96,133682.95,2,86097.99
2025-05-20 00:00:00+00:00,47584.96,133158.39,2,85573.43
2025-05-21 00:00:00+00:00,47584.96,131468.55,2,83883.59
2025-05-22 00:00:00+00:00,47584.96,131345.37,2,83760.41
2025-05-23 00:00:00+00:00,47584.96,129863.54,2,82278.58
2025-05-27 00:00:00+00:00,47584.96,131744.04,2,84159.08
2025-05-28 00:00:00+00:00,47584.96,131521.23,2,83936.27
2025-05-29 00:00:00+00:00,47584.96,131609.16,2,84024.2
2025-05-30 00:00:00+00:00,47584.96,131732.04,2,84147.08
2025-06-02 00:00:00+00:00,47584.96,132151.73,2,84566.77
2025-06-03 00:00:00+00:00,47584.96,132715.0,2,85130.04
2025-06-04 00:00:00+00:00,47584.96,132615.83,2,85030.87
2025-06-05 00:00:00+00:00,47584.96,131971.4,2,84386.44
2025-06-06 00:00:00+00:00,47584.96,133075.3,2,85490.34
2025-06-09 00:00:00+00:00,47584.96,132640.17,2,85055.21
2025-06-10 00:00:00+00:00,47584.96,133137.43,2,85552.47
2025-06-11 00:00:00+00:00,47584.96,132254.22,2,84669.26
2025-06-12 00:00:00+00:00,47584.96,132519.31,2,84934.35
2025-06-13 00:00:00+00:00,47584.96,131468.81,2,83883.85
2025-06-16 00:00:00+00:00,47584.96,132286.38,2,84701.42
2025-06-17 00:00:00+00:00,47584.96,131353.29,2,83768.33
2025-06-18 00:00:00+00:00,47584.96,131527.78,2,83942.82
2025-06-20 00:00:00+00:00,47584.96,132137.52,2,84552.56
2025-06-23 00:00:00+00:00,47584.96,132686.01,2,85101.05
2025-06-24 00:00:00+00:00,47584.96,132964.92,2,85379.96
2025-06-25 00:00:00+00:00,47584.96,133234.28,2,85649.32
2025-06-26 00:00:00+00:00,47584.96,133491.95,2,85906.99
2025-06-27 00:00:00+00:00,47584.96,133741.47,2,86156.51
2025-06-30 00:00:00+00:00,47584.96,134757.22,2,87172.26
2025-07-01 00:00:00+00:00,95020.95,135130.21,1,40109.26
2025-07-02 00:00:00+00:00,95020.95,136021.87,1,41000.92
2025-07-03 00:00:00+00:00,95020.95,136236.1,1,41215.15
2025-07-07 00:00:00+00:00,95020.95,135541.3,1,40520.35
2025-07-08 00:00:00+00:00,95020.95,135552.88,1,40531.93
2025-07-09 00:00:00+00:00,95020.95,135770.97,1,40750.02
2025-07-10 00:00:00+00:00,95020.95,136016.08,1,40995.13
2025-07-11 00:00:00+00:00,95020.95,135774.83,1,40753.88
2025-07-14 00:00:00+00:00,95020.95,135284.61,1,40263.66
2025-07-15 00:00:00+00:00,95020.95,135379.18,1,40358.23
2025-07-16 00:00:00+00:00,95020.95,135581.83,1,40560.88
2025-07-17 00:00:00+00:00,95020.95,135554.81,1,40533.86
2025-07-18 00:00:00+00:00,95020.95,135778.69,1,40757.74
2025-07-21 00:00:00+00:00,95020.95,136029.59,1,41008.64
2025-07-22 00:00:00+00:00,95020.95,136400.15,1,41379.2
2025-07-23 00:00:00+00:00,95020.95,136351.9,1,41330.95
2025-07-24 00:00:00+00:00,95020.95,136276.63,1,41255.68
2025-07-25 00:00:00+00:00,95020.95,136299.79,1,41278.84
2025-07-28 00:00:00+00:00,95020.95,136332.6,1,41311.65
2025-07-29 00:00:00+00:00,95020.95,135796.06,1,40775.11
2025-07-30 00:00:00+00:00,95020.95,135367.6,1,40346.65
2025-07-31 00:00:00+00:00,95020.95,135081.96,1,40061.01
2025-08-01 00:00:00+00:00,95020.95,134080.29,1,39059.34
2025-08-04 00:00:00+00:00,95020.95,134267.5,1,39246.55
2025-08-05 00:00:00+00:00,95020.95,134184.51,1,39163.56
2025-08-06 00:00:00+00:00,95020.95,136178.2,1,41157.25
2025-08-07 00:00:00+00:00,95020.95,137486.74,1,42465.79
2025-08-08 00:00:00+00:00,95020.95,139285.5,1,44264.55
2025-08-11 00:00:00+00:00,138987.51,138987.51,0,0.0
2025-08-12 00:00:00+00:00,138987.51,138987.51,0,0.0
2025-08-13 00:00:00+00:00,138987.51,138987.51,0,0.0
2025-08-14 00:00:00+00:00,138987.51,138987.51,0,0.0
2025-08-15 00:00:00+00:00,138987.51,138987.51,0,0.0
2025-08-18 00:00:00+00:00,138987.51,138987.51,0,0.0
2025-08-19 00:00:00+00:00,138987.51,138987.51,0,0.0
2025-08-20 00:00:00+00:00,138987.51,138987.51,0,0.0
2025-08-21 00:00:00+00:00,138987.51,138987.51,0,0.0
2025-08-22 00:00:00+00:00,138987.51,138987.51,0,0.0
2025-08-25 00:00:00+00:00,138987.51,138987.51,0,0.0
2025-08-26 00:00:00+00:00,138987.51,138987.51,0,0.0
2025-08-27 00:00:00+00:00,138987.51,138987.51,0,0.0
2025-08-28 00:00:00+00:00,138987.51,138987.51,0,0.0
2025-08-29 00:00:00+00:00,138987.51,138987.51,0,0.0
2025-09-02 00:00:00+00:00,138987.51,138987.51,0,0.0
2025-09-03 00:00:00+00:00,138987.51,138987.51,0,0.0
2025-09-04 00:00:00+00:00,138987.51,138987.51,0,0.0
2025-09-05 00:00:00+00:00,138987.51,138987.51,0,0.0
2025-09-08 00:00:00+00:00,138987.51,138987.51,0,0.0
2025-09-09 00:00:00+00:00,138987.51,138987.51,0,0.0
2025-09-10 00:00:00+00:00,138987.51,138987.51,0,0.0
2025-09-11 00:00:00+00:00,138987.51,138987.51,0,0.0
2025-09-12 00:00:00+00:00,138987.51,138987.51,0,0.0
2025-09-15 00:00:00+00:00,138987.51,138987.51,0,0.0
2025-09-16 00:00:00+00:00,138987.51,138987.51,0,0.0
2025-09-17 00:00:00+00:00,138987.51,138987.51,0,0.0
2025-09-18 00:00:00+00:00,138987.51,138987.51,0,0.0
2025-09-19 00:00:00+00:00,138987.51,138987.51,0,0.0
2025-09-22 00:00:00+00:00,138987.51,138987.51,0,0.0
2025-09-23 00:00:00+00:00,138987.51,138987.51,0,0.0
2025-09-24 00:00:00+00:00,138987.51,138987.51,0,0.0
2025-09-25 00:00:00+00:00,138987.51,138987.51,0,0.0
2025-09-26 00:00:00+00:00,138987.51,138987.51,0,0.0
2025-09-29 00:00:00+00:00,138987.51,138987.51,0,0.0
2025-09-30 00:00:00+00:00,138987.51,138987.51,0,0.0
2025-10-01 00:00:00+00:00,138987.51,138987.51,0,0.0
2025-10-02 00:00:00+00:00,138987.51,138987.51,0,0.0
2025-10-03 00:00:00+00:00,138987.51,138987.51,0,0.0
2025-10-06 00:00:00+00:00,138987.51,138987.51,0,0.0
2025-10-07 00:00:00+00:00,138987.51,138987.51,0,0.0
2025-10-08 00:00:00+00:00,138987.51,138987.51,0,0.0
2025-10-09 00:00:00+00:00,138987.51,138987.51,0,0.0
2025-10-10 00:00:00+00:00,138987.51,138987.51,0,0.0
2025-10-13 00:00:00+00:00,138987.51,138987.51,0,0.0
2025-10-14 00:00:00+00:00,138987.51,138987.51,0,0.0
2025-10-15 00:00:00+00:00,138987.51,138987.51,0,0.0
2025-10-16 00:00:00+00:00,138987.51,138987.51,0,0.0
2025-10-17 00:00:00+00:00,138987.51,138987.51,0,0.0
2025-10-20 00:00:00+00:00,138987.51,138987.51,0,0.0
2025-10-21 00:00:00+00:00,138987.51,138987.51,0,0.0
2025-10-22 00:00:00+00:00,138987.51,138987.51,0,0.0
2025-10-23 00:00:00+00:00,138987.51,138987.51,0,0.0
2025-10-24 00:00:00+00:00,138987.51,138987.51,0,0.0
2025-10-27 00:00:00+00:00,138987.51,138987.51,0,0.0
2025-10-28 00:00:00+00:00,138987.51,138987.51,0,0.0
2025-10-29 00:00:00+00:00,138987.51,138987.51,0,0.0
2025-10-30 00:00:00+00:00,138987.51,138987.51,0,0.0
2025-10-31 00:00:00+00:00,138987.51,138987.51,0,0.0
2025-11-03 00:00:00+00:00,138987.51,138987.51,0,0.0
2025-11-04 00:00:00+00:00,138987.51,138987.51,0,0.0
2025-11-05 00:00:00+00:00,138987.51,138987.51,0,0.0
2025-11-06 00:00:00+00:00,138987.51,138987.51,0,0.0
2025-11-07 00:00:00+00:00,138987.51,138987.51,0,0.0
2025-11-10 00:00:00+00:00,138987.51,138987.51,0,0.0
2025-11-11 00:00:00+00:00,138987.51,138987.51,0,0.0
2025-11-12 00:00:00+00:00,138987.51,138987.51,0,0.0
2025-11-13 00:00:00+00:00,138987.51,138987.51,0,0.0
2025-11-14 00:00:00+00:00,138987.51,138987.51,0,0.0
2025-11-17 00:00:00+00:00,138987.51,138987.51,0,0.0
2025-11-18 00:00:00+00:00,138987.51,138987.51,0,0.0
2025-11-19 00:00:00+00:00,138987.51,138987.51,0,0.0
2025-11-20 00:00:00+00:00,138987.51,138987.51,0,0.0
2025-11-21 00:00:00+00:00,138987.51,138987.51,0,0.0
2025-11-24 00:00:00+00:00,138987.51,138987.51,0,0.0
2025-11-25 00:00:00+00:00,138987.51,138987.51,0,0.0
2025-11-26 00:00:00+00:00,138987.51,138987.51,0,0.0
2025-11-28 00:00:00+00:00,138987.51,138987.51,0,0.0
2025-12-01 00:00:00+00:00,138987.51,138987.51,0,0.0
2025-12-02 00:00:00+00:00,138987.51,138987.51,0,0.0
2025-12-03 00:00:00+00:00,138987.51,138987.51,0,0.0
2025-12-04 00:00:00+00:00,138987.51,138987.51,0,0.0
2025-12-05 00:00:00+00:00,138987.51,138987.51,0,0.0
2025-12-08 00:00:00+00:00,138987.51,138987.51,0,0.0
2025-12-09 00:00:00+00:00,138987.51,138987.51,0,0.0
2025-12-10 00:00:00+00:00,138987.51,138987.51,0,0.0
2025-12-11 00:00:00+00:00,138987.51,138987.51,0,0.0
2025-12-12 00:00:00+00:00,138987.51,138987.51,0,0.0
2025-12-15 00:00:00+00:00,138987.51,138987.51,0,0.0
2025-12-16 00:00:00+00:00,138987.51,138987.51,0,0.0
2025-12-17 00:00:00+00:00,138987.51,138987.51,0,0.0
2025-12-18 00:00:00+00:00,138987.51,138987.51,0,0.0
2025-12-19 00:00:00+00:00,138987.51,138987.51,0,0.0
2025-12-22 00:00:00+00:00,138987.51,138987.51,0,0.0
2025-12-23 00:00:00+00:00,138987.51,138987.51,0,0.0
2025-12-24 00:00:00+00:00,138987.51,138987.51,0,0.0
2025-12-26 00:00:00+00:00,138987.51,138987.51,0,0.0
2025-12-29 00:00:00+00:00,138987.51,138987.51,0,0.0
2025-12-30 00:00:00+00:00,138987.51,138987.51,0,0.0
2025-12-31 00:00:00+00:00,138987.51,138987.51,0,0.0
